feature	Aaosphaeria	Acarospora	Acarosporales_gen_Incertae_sedis	Achroceratosphaeria	Acremonium	Agaricales_gen_Incertae_sedis	Agaricomycetes_gen_Incertae_sedis	Agonimia	Alatospora	Alternaria	Amanita	Ampelomyces	Amphinema	Amphisphaeriaceae_gen_Incertae_sedis	Ampulloclitocybe	Annulatascales_gen_Incertae_sedis	Antarctomyces	Aphanocladium	Apiosordaria	Apiotrichum	Apodus	Arachnopeziza	Arbusculina	Archaeorhizomyces	Archaeorhizomycetes_gen_Incertae_sedis	Armillaria	Arrhenia	Arthrobotrys	Articulospora	Ascochyta	Ascocorticium	Ascocoryne	Ascomycota_gen_Incertae_sedis	Aspergillaceae_gen_Incertae_sedis	Aspicilia	Athelia	Atheliaceae_gen_Incertae_sedis	Aureobasidium	Auriculariales_gen_Incertae_sedis	Babjevia	Babjeviella	Bacidina	Ballistosporomyces	Bannozyma	Basidiobolus	Basidiodendron	Beauveria	Bicornispora	Bionectriaceae_gen_Incertae_sedis	Blastocladiomycota_gen_Incertae_sedis	Boliniales_gen_Incertae_sedis	Botryobasidium	Botrytis	Branch01_gen_Incertae_sedis	Bryochiton	Buckleyzyma	Burgoa	Byssoporia	Cadophora	Calcarisporium	Calophoma	Calycellina	Calycina	Calyptella	Camptobasidiaceae_gen_Incertae_sedis	Camptobasidium	Candida	Cantharellales_gen_Incertae_sedis	Cantharellula	Capnodiales_gen_Incertae_sedis	Capronia	Cenangiaceae_gen_Incertae_sedis	Cenangium	Cenococcum	Cephalosporium	Cephalothecaceae_gen_Incertae_sedis	Cephalotrichum	Ceraceomyces	Ceratellopsis	Ceratobasidiaceae_gen_Incertae_sedis	Ceratobasidium	Chaetospermum	Chaetosphaeria	Chaetothyriales_gen_Incertae_sedis	Chalara	Chloridium	Chroogomphus	Chytridiales_gen_Incertae_sedis	Chytridiomycota_gen_Incertae_sedis	Ciboria	Ciliolarina	Cistella	Cladophialophora	Cladoriellaceae_gen_Incertae_sedis	Cladosporium	Claroideoglomus	Claussenomyces	Clavaria	Clavariaceae_gen_Incertae_sedis	Clavulina	Clavulinopsis	Clitocybe	Coccomyces	Coleophoma	Coleroa	Colletotrichum	Collophorina	Colpoma	Comoclathris	Coniochaeta	Coniochaetaceae_gen_Incertae_sedis	Coniochaetales_gen_Incertae_sedis	Coprinopsis	Coprinus	Cortinarius	Cosmospora	Crocicreas	Cryptococcus	Cryptodiscus	Cryptosporiopsis	Cutaneotrichosporon	Cyathicula	Cyphellophora	Cyphellophoraceae_gen_Incertae_sedis	Cystobasidiales_gen_Incertae_sedis	Cystobasidiomycetes_gen_Incertae_sedis	Cystobasidium	Cystoderma	Cystofilobasidiales_gen_Incertae_sedis	Cystofilobasidium	Cytospora	Dactylella	Dactylellina	Dactylospora	Davidhawksworthia	Dermateaceae_gen_Incertae_sedis	Dermea	Derxomyces	Devriesia	Diademospora	Diaporthe	Diatrype	Dictyolus	Dictyosporiaceae_gen_Incertae_sedis	Diddensiella	Didymella	Dioszegia	Discosia	Dissoderma	Dissophora	Dominikia	Dothideales_gen_Incertae_sedis	Dothiora	Dothiorella	Drechmeria	Elasticomyces	Elsinoaceae_gen_Incertae_sedis	Endogonales_gen_Incertae_sedis	Endogonomycetes_gen_Incertae_sedis	Entimomentora	Entocybe	Entoloma	Entomortierella	Entorrhizaceae_gen_Incertae_sedis	Eocronartium	Epibryon	Epicoccum	Eurotiales_gen_Incertae_sedis	Exobasidium	Exophiala	Extremus	Fayodia	Filobasidiales_gen_Incertae_sedis	Filobasidiella	Filobasidium	Flagellospora	Flammula	Fomes	Fungi_gen_Incertae_sedis	Fusarium	Fuscolachnum	Fusidium	Galerina	Gamsia	Geminibasidium	Genolevuria	Geoglossales_gen_Incertae_sedis	Geomyces	Geopora	Gloeopycnis	Glomeromycota_gen_Incertae_sedis	Glutinomyces	Goffeauzyma	Gorgomyces	Gryganskiella	GS01_phy_Incertae_sedis_gen_Incertae_sedis	GS02_gen_Incertae_sedis	GS03_gen_Incertae_sedis	GS04_gen_Incertae_sedis	GS05_gen_Incertae_sedis	GS08_gen_Incertae_sedis	GS10_gen_Incertae_sedis	GS11_gen_Incertae_sedis	GS12_gen_Incertae_sedis	GS14_gen_Incertae_sedis	GS15_gen_Incertae_sedis	GS18_ord_Incertae_sedis_gen_Incertae_sedis	GS21_gen_Incertae_sedis	GS22_gen_Incertae_sedis	GS26_ord_Incertae_sedis_gen_Incertae_sedis	GS27_ord_Incertae_sedis_gen_Incertae_sedis	GS35_ord_Incertae_sedis_gen_Incertae_sedis	Gymnopilus	Gymnopus	Gyromitra	Hamamotoa	Hamatocanthoscypha	Hannaella	Haplographium	Haptocillium	Hebeloma	Helicogoniaceae_gen_Incertae_sedis	Helotiaceae_gen_Incertae_sedis	Helotiales_gen_Incertae_sedis	Helvella	Herpotrichia	Herpotrichiellaceae_gen_Incertae_sedis	Heterocephalacria	Heterophoma	Hirsutella	Hormonema	Humicolopsis	Hyalodendriella	Hyalorbilia	Hyaloscypha	Hyaloscyphaceae_gen_Incertae_sedis	Hygrophorus	Hymenochaetales_gen_Incertae_sedis	Hymenoscyphus	Hyphodiscus	Hyphodontia	Hyphodontiella	Hypholoma	Hypochnicium	Hypocreales_gen_Incertae_sedis	Hypogymnia	Hypomyces	Incertomyces	Infundichalara	Inocybe	Kabatiella	Karstenia	Keissleriella	Keithomyces	Kickxellomycota_gen_Incertae_sedis	Knufia	Kockovaella	Kodamaea	Krasilnikovozyma	Kuehneromyces	Kurtzmaniella	Kurtzmanomyces	Laburnicola	Laccaria	Lachnellula	Lachnum	Lacrymaria	Lactarius	Laetinaevia	Lapidomyces	Lecanicillium	Lecanoromycetes_gen_Incertae_sedis	Leccinum	Lectera	Lecythophora	Lentitheciaceae_gen_Incertae_sedis	Leohumicola	Leotiaceae_gen_Incertae_sedis	Leotiales_gen_Incertae_sedis	Leotiomycetes_gen_Incertae_sedis	Leptobacillium	Leptodontidiaceae_gen_Incertae_sedis	Leptodontidium	Leptodophora	Leptosphaerulina	Leptosporomyces	Leucogyrophana	Leuconeurospora	Leucosporidiales_gen_Incertae_sedis	Leucosporidium	Liangia	Libkindia	Linnemannia	Lipomycetaceae_gen_Incertae_sedis	Lobulomycetales_gen_Incertae_sedis	Lophium	Lophodermium	Luellia	Lycoperdon	Lyomyces	Lyophyllaceae_gen_Incertae_sedis	Malassezia	Mallocybe	Melanommataceae_gen_Incertae_sedis	Meliniomyces	Metapochonia	Metarhizium	Micarea	Microbotryomycetes_gen_Incertae_sedis	Microdochium	Micropeltidaceae_gen_Incertae_sedis	Microsporomycetaceae_gen_Incertae_sedis	Mollisia	Monoblepharomycota_gen_Incertae_sedis	Mortierella	Mortierellales_gen_Incertae_sedis	Mortierellomycetes_gen_Incertae_sedis	Mrakia	Mrakiaceae_gen_Incertae_sedis	Mucor	Mucorales_gen_Incertae_sedis	Muriphaeosphaeria	Mycena	Mycenaceae_gen_Incertae_sedis	Mycoarthris	Mycobilimbia	Mycosphaerellales_gen_Incertae_sedis	Mycosymbioces	Myriosclerotinia	Myrmecridium	Myrothecium	Mystinarius	Mytilinidiales_gen_Incertae_sedis	Mytilinidion	Myxotrichaceae_gen_Incertae_sedis	Myxozyma	Nadsonia	Naganishia	Nectriaceae_gen_Incertae_sedis	Nectriella	Nectriopsis	Neobulgaria	Neonectria	Neosetophoma	Neurospora	Nothodactylaria	Occultifur	Ochroconis	Oidiodendron	Oliveonia	Ophiocordyceps	Ophiocordycipitaceae_gen_Incertae_sedis	Orbiliaceae_gen_Incertae_sedis	Orbiliales_gen_Incertae_sedis	Paraleptosphaeria	Paraphaeosphaeria	Paraphoma	Paratritirachium	Parmeliopsis	Patellariales_gen_Incertae_sedis	Paxillus	Pectenia	Peltigera	Penicillium	Peniophorella	Perennicordyceps	Pezicula	Pezizellaster	Pezizomycotina_gen_Incertae_sedis	Pezoloma	Phacidiaceae_gen_Incertae_sedis	Phacidiales_gen_Incertae_sedis	Phacidium	Phaeococcomyces	Phaeosphaeria	Phaeotheca	Phaeothecaceae_gen_Incertae_sedis	Phaeotremella	Phaeotrichum	Phenoliferia	Phialocephala	Phialomyces	Phlegmacium	Pholiota	Phomatospora	Piloderma	Piptocephalidaceae_gen_Incertae_sedis	Piptocephalis	Piskurozyma	Plectosphaerella	Plectosphaerellaceae_gen_Incertae_sedis	Pleotrichocladium	Pluteus	Pochonia	Podila	Podospora	Polyozellus	Polyphilus	Polyscytalum	Powellomycetaceae_gen_Incertae_sedis	Preussia	Psathyrella	Pseudeurotiaceae_gen_Incertae_sedis	Pseudeurotium	Pseudoanungitea	Pseudoarthrographis	Pseudocoleophoma	Pseudocyclothyriella	Pseudodictyosporium	Pseudogymnoascus	Pseudohelotium	Pseudohyphozyma	Pseudoplectania	Pseudosigmoidea	Pseudovalsaria	Psilolechiaceae_gen_Incertae_sedis	Psoroglaena	Pucciniales_gen_Incertae_sedis	Pulvinula	Pustularia	Pycnora	Pyrenochaeta	Pyronemataceae_gen_Incertae_sedis	Pyxidiophorales_gen_Incertae_sedis	Rachicladosporium	Ramariopsis	Ramophialophora	Ramularia	Renatobasidium	Rhexocercosporidium	Rhinocladiella	Rhizidium	Rhizophagus	Rhizophydiales_gen_Incertae_sedis	Rhizophydium	Rhizopogon	Rhizosphaera	Rhodosporidiobolus	Rhodotorula	Rozellomycota_gen_Incertae_sedis	Russula	Rutstroemia	Saccharomycetales_gen_Incertae_sedis	Sagenomella	Saitozyma	Sakaguchia	Samsoniella	Sanchytriaceae_gen_Incertae_sedis	Sanchytrium	Sarcopodium	Sarea	Schizothecium	Sclerococcum	Scleropezicula	Sclerostagonospora	Scoliciosporum	Scutellinia	Scytalidium	Sebacinales_gen_Incertae_sedis	Sepedonium	Septoglomus	Septoria	Serendipita	Serendipitaceae_gen_Incertae_sedis	Serpula	Siepmannia	Sistotrema	Sistotremastrum	Solicoccozyma	Sordariales_gen_Incertae_sedis	Sorocybe	Sphaerulina	Spirosphaera	Spizellomycetales_gen_Incertae_sedis	Sporidiobolaceae_gen_Incertae_sedis	Sporidiobolales_gen_Incertae_sedis	Sporormiaceae_gen_Incertae_sedis	Sporormiella	Sporothrix	Stachybotryaceae_gen_Incertae_sedis	Stereocaulon	Stilbella	Stropharia	Sugiyamaella	Suillus	Sympodiella	Sympoventuriaceae_gen_Incertae_sedis	Syncephalis	Synnemapestaloides	Syzygospora	Taeniolella	Taeniospora	Talaromyces	Taphrina	Tapinella	Tausonia	Tetracladium	Teunomyces	Thaxterogaster	Thelebolus	Thelephora	Tolypocladium	Tomentella	Tomentellopsis	Trechispora	Trechisporales_gen_Incertae_sedis	Tremella	Tremellales_gen_Incertae_sedis	Tremellodendropsidales_gen_Incertae_sedis	Tremellomycetes_gen_Incertae_sedis	Trichobolus	Trichoderma	Tricholoma	Trichopeziza	Trichophaea	Trichosporiella	Trimmatostroma	Triscelophorus	Truncatella	Tulasnella	Tylospora	Tympanidaceae_gen_Incertae_sedis	Tyrannosorus	Umbelopsidomycetes_gen_Incertae_sedis	Umbelopsis	Umbilicariales_gen_Incertae_sedis	Vandijckomycella	Venturia	Venturiaceae_gen_Incertae_sedis	Verrucaria	Verrucariaceae_gen_Incertae_sedis	Verrucoccum	Vestigium	Vishniacozyma	Volutella	Wilcoxina	Xenasmatella	Xenochalara	Xenodidymella	Xenopolyscytalum	Yamadamyces	Yurkovia	Zoopagales_gen_Incertae_sedis	Zoopagomycota_gen_Incertae_sedis	Zygorhynchus
Barcode001	0	0	0	0	0	0	0	1031	0	321	0	0	71	1	0	0	77	0	40	0	0	29	0	4	0	0	874	0	0	1	0	3	0	0	0	0	71	2	0	2	0	0	0	0	0	0	0	0	1	0	0	0	0	0	0	0	0	0	3	0	0	0	0	0	0	0	0	0	0	27	67	0	1	0	0	0	0	0	2	440	27	0	0	1	0	0	0	0	0	31	0	108	1062	0	1898	0	74	0	0	0	1	120	0	0	0	1	0	0	199	0	0	0	0	0	273	21	0	16	0	0	1	0	1	0	0	31	85	0	0	0	0	0	0	0	0	0	0	0	0	0	0	0	0	0	0	5058	77	0	0	0	78	0	0	0	0	10	0	0	0	487	0	3	0	0	86	0	0	0	46	204	39	0	0	0	0	0	0	65	238	1412	0	0	0	0	5	0	0	0	75855	0	9	1	0	0	0	0	0	0	0	0	0	0	0	1	0	0	0	0	0	0	0	0	0	1	59	0	1	0	0	0	18301	0	0	9	327	429	0	0	1	0	47	0	1	0	88	0	0	0	0	0	51	0	72	0	0	0	0	0	1	6	39	60	1	0	0	6430	0	143	0	0	20	33	1	0	164	0	0	18	1111	36	0	0	0	0	1	0	755	0	105	1	0	0	15	8	93	0	0	0	109	0	0	0	80	0	94	0	0	0	0	0	0	112	77	0	3	0	487	0	61	141	0	0	0	0	1467	1	0	0	0	0	0	1	0	0	2397	32	616	329	0	0	0	0	0	71	0	29	0	0	0	238	0	0	0	178	0	0	0	67	317	893	0	0	0	2	0	0	332	0	0	0	0	0	706	27302	0	0	0	1430	0	14	0	0	0	0	0	77	72	0	0	465	1	0	0	0	33	36	0	0	0	1	0	0	0	0	0	0	0	0	0	0	293	0	0	12	0	0	4	0	0	0	0	0	0	0	0	71	35	0	489	2	0	0	1	0	82	46	0	0	0	94	167	1	0	0	0	71	0	0	0	295	154	0	19	0	13	0	0	0	0	0	0	0	0	0	302	0	0	0	6	0	27	0	787	0	0	0	1	0	2	4	0	0	0	1314	0	0	70	7	0	16	2769	1	42	0	1	2	0	0	1	0	0	0	1320	17	0	0	7769	0	0	210	41	0	91	0	1	0	0	1	0	0	0	757	0	0	0	6	0	0	65	0	12	1	32	0	7	0	0	128	0	4182	0	113	0	168	0	0	0	0	290	0	0	1	0	0	0
Barcode002	0	0	1	0	13	0	0	0	55	1	0	0	0	0	0	0	0	0	0	0	0	0	0	2	0	0	0	0	0	0	0	29	0	0	0	0	866	2	0	249	0	0	0	0	0	0	0	0	0	1	0	1	0	0	0	0	0	0	237	0	0	0	446	0	0	0	0	0	0	0	3422	0	0	1	0	0	0	0	97	0	250	0	0	1	0	0	0	0	0	0	0	121	32747	0	222	0	0	0	1	0	0	0	0	0	0	0	0	0	0	189	0	0	0	0	78	312	0	3245	0	291	36	2	0	22	0	0	0	0	0	0	0	0	0	0	0	0	0	1	0	0	61	39	0	0	4	1	0	0	1	2	0	0	0	0	15	0	0	0	0	0	0	1	3	0	0	0	0	0	0	7389	0	0	0	0	0	0	0	0	254	91	0	0	0	0	304	0	0	0	108	0	20	0	0	0	0	0	0	0	1	0	0	0	0	4	0	0	0	1	0	0	0	3	0	5	0	0	0	0	0	92	463	0	0	7325	1	2	1	0	0	0	0	0	0	0	3196	1	0	1	0	0	40	0	0	0	0	0	0	0	0	3553	0	0	1	0	0	2235	0	1854	0	0	286	0	0	0	35	40	0	1923	12	0	0	0	1	0	1631	0	4	0	0	1	0	0	8315	1701	0	0	0	0	0	3	0	0	3160	0	47	0	0	0	0	19	0	0	3847	0	129	109	0	0	664	0	0	0	9	0	2228	0	0	0	0	0	0	0	5	0	0	31	0	3927	0	0	35	0	0	3	0	6	1	0	0	2571	0	0	745	0	0	30	1	0	1922	0	0	0	0	0	0	43	551	1	0	0	0	0	0	46684	0	0	1	4978	0	79	0	0	0	0	0	0	0	0	0	0	11	0	1	0	152	29	0	0	0	199	42	1385	0	0	67	31	0	0	0	0	431	0	0	225	73	0	1	0	0	0	0	0	12	0	0	0	142	0	307	1	0	0	0	0	0	9	0	0	0	0	0	2	41	77	0	978	0	0	0	3096	37132	0	180	10	499	126	0	0	172	0	0	0	129	0	96	0	532	3	2	123	0	0	376	7	0	0	0	0	949	554	0	0	0	0	0	0	0	0	0	0	1	1876	0	0	1	8	0	20	0	215	0	0	6678	0	0	0	78	38	0	20	2427	0	617	0	2	0	0	209	0	0	0	1413	0	0	0	0	0	48	104	0	24	0	2	0	619	0	0	6	0	4	0	40	0	5	0	0	0	1	0	39	0	0	0	0	2
Barcode003	0	0	0	0	0	0	0	3534	0	2470	0	0	0	0	0	0	36	0	0	20	0	0	0	86	0	0	2	0	554	0	0	0	0	0	0	0	7	2382	0	5	0	862	0	0	0	0	0	0	1079	0	0	0	296	0	64	71	0	0	54	0	0	0	0	0	0	0	0	32	0	0	424	0	77	22	0	2	0	0	36	2431	481	0	0	1	0	0	0	1	106	0	0	184	518	0	19003	0	0	10	15	0	0	40	0	0	0	32	0	1	190	507	0	0	19	45	94	223	0	40	0	0	0	1	1	1	0	0	134	0	0	0	0	0	0	0	0	0	0	1	48	0	0	0	0	0	0	23730	82	0	0	0	638	17	0	0	1	659	44	0	0	0	0	3515	2	0	0	0	588	0	0	130	0	0	0	0	82	0	0	0	214	6812	0	27	43	0	2	72	0	0	35	0	13	1	0	0	1	0	0	0	0	0	0	0	0	0	0	0	0	0	0	0	0	0	0	0	20	0	0	0	0	0	22	0	0	3	0	50	1	0	0	0	91	4	0	0	12	0	0	0	0	0	0	0	12	0	0	0	0	803	2	71	74	157	0	0	0	20130	0	186	0	0	25	55	6871	0	33	0	18	40	12	317	0	0	0	0	0	0	0	0	0	18	0	0	100	1	15720	0	0	0	45	108	0	0	24	0	0	0	16	4	51	0	0	97	24	0	14	0	208	0	19	2705	0	0	0	0	744	1	0	17	0	31	0	458	6	0	1655	0	484	3	0	172	0	0	0	30	0	6	0	224	0	2	0	0	0	1	25	0	0	1397	99	2	0	0	0	0	0	0	1303	0	0	0	0	0	216	807	0	0	0	3353	483	200	0	188	0	891	31	106	28	0	0	140	7	0	0	0	0	119	0	0	74	0	0	111	0	0	33	147	0	0	0	0	5624	0	0	0	0	0	1	0	0	5	0	0	0	0	0	0	59	0	0	1	0	0	0	0	1576	35	257	0	0	0	1353	0	0	0	0	2543	0	0	0	509	260	0	12	0	4	0	0	0	0	0	0	35	6	0	205	0	0	0	9606	0	163	225	55	1	0	0	0	0	3	105	0	0	0	3142	0	0	189	89	133	0	2938	1	0	0	7	0	0	0	0	0	60	0	13	901	0	0	12038	0	0	3406	111	0	31	38	36	0	0	0	0	0	0	4784	0	0	0	6	0	0	1218	40	3	1	0	0	25	0	0	195	0	18197	0	65	0	1450	0	0	0	0	136	0	0	0	0	0	0
Barcode004	0	10	0	41	0	0	0	0	0	0	0	0	0	0	0	0	0	0	0	0	0	0	0	20	0	0	0	0	0	0	0	0	0	0	0	0	0	0	0	614	0	0	0	0	0	0	0	0	389	0	0	0	0	0	0	0	0	0	306	0	0	0	2067	0	0	0	0	0	0	0	3766	0	0	1	0	0	0	0	0	0	0	0	0	0	0	0	0	0	0	1	0	244	7991	0	52	0	1	0	0	0	0	2	0	0	0	0	0	0	0	0	0	0	0	0	940	57	0	381	0	135	1	0	0	0	0	0	0	0	0	0	0	0	0	0	0	0	0	0	0	0	0	0	0	0	0	2	67	0	0	0	0	0	0	0	0	0	0	0	0	0	0	0	0	0	0	0	0	0	0	1285	0	0	0	0	0	0	0	0	285	116	0	0	0	0	12834	0	0	0	310	0	39	0	0	0	0	0	0	0	0	1	0	0	99	3	0	0	0	0	0	0	0	1	0	0	0	1	0	0	0	147	652	0	0	0	64	0	4	0	0	0	0	2	0	93	838	63	0	0	0	0	0	0	0	0	0	0	0	0	133	1968	0	0	0	0	0	650	0	2025	0	0	0	0	0	5	715	0	0	350	0	0	0	0	0	0	74	0	0	0	0	54	0	0	4838	755	1	0	0	0	8	3	0	0	7572	0	36	0	0	0	0	0	0	340	6580	0	7	100	0	0	832	0	0	0	0	0	2585	410	0	0	0	0	0	0	2	0	0	0	0	2	0	0	0	0	0	5	0	3	0	0	0	2	0	0	322	0	0	58	0	1	1729	3	0	0	0	0	0	344	153	0	0	0	0	0	0	26678	0	0	0	633	0	2	0	0	0	0	0	0	0	0	0	0	0	0	0	0	0	3	0	0	0	146	0	452	0	0	1	0	0	3	0	0	1	0	0	0	0	0	160	0	0	0	1	0	1	0	0	0	61	0	2	0	0	0	1	0	0	1	50	0	0	95	1	7	0	0	33	582	0	0	0	2041	637	0	284	0	329	0	0	0	3	1	0	130	0	0	82	0	0	0	40	614	53	0	123	0	0	0	0	0	914	14055	0	0	0	0	0	0	0	0	0	0	0	262	0	1	0	0	0	0	0	0	0	0	2020	0	0	0	2	0	0	0	4	0	3814	0	0	0	0	187	0	0	0	278	0	0	0	0	0	0	77	0	34	3	20	0	391	0	0	0	0	4	0	90	0	0	0	1	0	0	0	106	0	0	8	0	15
Barcode005	0	0	0	0	0	0	0	0	25	1	0	0	0	0	0	0	10	0	79	2	0	0	0	6	0	0	67	0	0	0	0	45	0	18	0	0	0	0	0	2	1	1797	0	0	0	0	16	0	0	0	0	0	0	1	9	0	0	1	1	0	0	0	0	0	24	0	0	3	0	90	26	2	0	0	0	1	0	0	0	0	0	0	0	0	62	0	0	1	34	0	19	72	49542	0	238	59	0	2	0	0	0	2	0	0	0	0	0	0	1	1	0	0	0	0	765	0	0	0	0	3	0	0	1	0	12	0	23	0	0	0	0	7	0	0	0	0	0	0	0	0	0	0	0	293	0	2277	4	9	0	0	157	0	0	0	0	0	0	1	0	961	0	0	0	0	106	0	0	0	0	4611	0	0	0	0	0	0	1	0	172	274	0	0	0	0	959	0	0	0	12664	1	20	0	0	0	0	0	0	0	0	0	0	0	0	7	0	0	0	0	0	0	0	0	0	0	0	12	581	0	0	75	142	0	0	19	555	14	11	0	0	0	8	1	13	0	7	2	1	2	14	0	0	0	39	0	0	0	1	0	244	16976	6	0	0	0	167	6515	0	103	0	0	0	492	0	2	1	0	0	1310	30	0	0	0	0	0	0	34	102	0	23	0	0	0	48	0	0	0	0	0	0	2	0	0	22	0	129	3	17	0	14	0	0	157	31079	0	11	5	489	0	40	155	0	0	0	0	4082	0	0	0	0	0	0	0	0	0	0	1896	241	8	0	0	83	0	50	252	0	18	0	21	0	44	0	0	85	0	0	24	10	140	21	418	0	0	0	40	0	0	159	0	0	0	10	0	655	41801	0	0	0	5893	0	17	0	0	0	41	0	23	0	0	0	123	0	0	0	0	1	38	0	1	0	0	0	148	0	0	7	0	0	0	26	0	509	0	0	0	0	5	241	1	49	2	0	0	1	0	0	0	2651	0	38	96	25	0	152	0	4	0	0	0	0	0	470	2	128	0	0	21	0	0	0	27	25	0	173	0	3	0	0	0	0	0	0	0	12	0	1	0	0	1	47	35	84	232	412	2	0	0	11	0	42	17841	0	0	0	331	0	0	98	128	0	0	0	39	0	0	3	12	0	0	0	0	33	0	1099	0	0	0	2639	0	0	322	624	1	1	0	0	0	0	0	0	0	7	2477	0	0	0	0	0	114	52	0	39	4	8	0	13	0	0	712	0	2687	0	95	0	49	0	0	0	24	4	40	0	0	0	0	0
Barcode006	0	0	0	0	27	0	0	0	0	0	16	0	211	0	0	0	0	0	0	24	81	0	0	0	0	0	0	0	0	1	0	335	0	0	0	13	14	0	0	524	0	0	0	0	0	0	6	1	558	0	9	0	0	1	0	6	0	0	471	24	0	0	41	64	45	0	0	0	0	38	1007	0	0	0	0	0	0	1	230	57	188	201	0	8	0	25	11	13	0	0	0	161	18420	0	1288	0	0	2	0	0	55	25	0	30	0	0	15	0	1	290	0	0	0	0	920	55	7	1046	6	833	242	0	0	133	0	14	0	0	0	6	10	0	0	7	0	0	0	2	0	2	0	0	0	30	14	50	0	0	0	2	1	0	0	0	27	0	0	0	0	321	0	0	1	0	0	12	0	0	0	3867	0	0	0	0	0	0	0	0	754	600	0	0	0	0	16	0	0	3	85	0	0	81	0	337	0	0	0	0	0	2	35	0	0	9	0	0	0	2	0	0	0	1	0	1417	0	40	52	0	0	151	516	7	0	1801	145	57	13	0	15	0	14	0	0	35	6941	0	0	0	0	0	0	6	8	0	0	0	236	0	1452	13727	2	0	1	0	0	4377	0	305	0	11	10	8	0	19	211	2	0	2157	125	0	23	0	0	0	510	4	1	0	0	3	54	0	9974	2059	0	6	0	0	0	2	0	0	15073	0	55	13	21	0	0	2	0	7	1188	10	7	16	0	0	261	18	0	0	4	0	3185	41	0	237	0	2	8	0	75	0	30	0	0	117	0	0	0	0	0	414	0	98	1	0	0	167	0	0	311	500	0	53	3603	0	10805	16	0	0	133	0	16	0	434	0	0	1	0	0	0	62781	0	7	7	3070	15	140	0	0	0	0	0	0	0	0	0	55	217	0	0	0	16	74	0	0	46	296	0	738	0	0	106	51	0	0	30	0	194	0	0	79	9	0	305	13	97	0	0	0	3	4	0	13	0	0	940	1638	0	0	1	16	0	0	0	1	0	0	0	1	0	10	2	828	0	0	0	2906	393	4	3369	0	5792	28	0	0	161	0	5	63	2	0	164	0	0	9	41	70	0	0	6307	2	0	0	40	2	2421	185	0	0	113	15	0	0	0	1288	0	29	0	783	0	0	2160	516	0	54	10	1357	0	0	1551	0	0	0	964	0	3	11	5861	1	3026	0	1	0	0	623	13	0	13	4071	0	6	0	0	0	33	191	0	42	4	552	0	679	0	0	240	0	0	0	0	0	97	13	0	1	216	1	237	0	26	31	0	14
Barcode007	0	134	14	0	0	0	0	0	0	0	0	0	18	0	6	0	0	5	0	14	0	15	0	9419	0	0	0	0	0	1	0	0	0	0	9	118	3	0	0	2168	2	0	19	0	0	8	5	12	0	34	0	29	24	0	18	0	0	0	67	0	0	14	8	0	0	0	0	0	0	0	20917	9	0	513	0	119	0	25	0	0	8	0	143	890	1	102	0	295	24	4	0	11	218	0	25	0	100	5	0	0	3	9	14	0	0	1	0	0	1	41	0	0	8	0	4067	0	0	7	0	418	0	13	2	4	54	1	8	42	0	0	0	0	0	0	3	85	20	0	0	656	0	0	0	1	0	0	1	0	0	2	0	0	8	35	1	0	1	5	34	0	11	94	192	0	0	12	0	0	49	43	0	62	13	0	0	28	51	4	165	12	43	1	227	0	2	20	0	3	11	1	183	0	23	0	0	6	0	0	1	0	18	1	68	1689	57	0	113	468	388	0	0	0	18	0	0	8	0	0	81	53	1038	0	0	2614	1	1	101	7	0	7	0	15	0	0	1803	130	0	89	9	203	16	0	86	7	0	5	2	0	12	15	100	0	65	0	0	47	0	1	0	10	0	0	0	70	1162	12	0	1042	15	0	10	0	16	0	1	0	0	0	30	1159	27	0	4353	0	1	0	7	0	3	2418	4	5	124	14	0	6	0	453	21	0	1	3	0	0	10793	88	0	7	150	0	33	7	30	13	25992	0	0	0	5	0	0	0	640	2	0	0	0	38	2	1	0	0	0	301	0	96	485	0	0	16	226	0	12	1	1	0	45	1	3192	0	0	0	0	67	0	0	12	0	0	0	0	0	1	4149	0	0	88	4	0	25166	8	88	8	0	0	7	0	22	0	48	233	0	0	14	2	855	0	0	231	1	0	0	7	26	1598	0	1	0	3	3	39	276	25	1	0	0	2	0	3	175	0	45	1102	0	0	0	0	3	0	0	5	0	614	0	0	14	0	17	27	0	0	4401	0	0	2	35	0	0	32	1337	3021	0	1173	0	193	8	0	5	1	0	0	0	1758	53	2	0	0	5	1	0	0	1	452	261	0	0	19	0	350	11	7	67	0	60	8	0	0	17	3	0	0	2594	0	107	143	18	96	267	384	30	0	2	38	2	0	0	2	0	137	0	220	62	12500	71	26	0	46	18	0	0	0	1299	9	0	0	0	0	0	0	13	108	2811	239	7	702	7	0	288	0	1	3	0	10	9	0	0	0	2	0	0	11	0	0	95	0
Barcode008	11	0	0	0	0	0	0	0	3	18	0	0	3	0	0	0	2	0	2	1	0	0	0	2	0	0	50	0	23	80	0	36	0	634	0	0	0	3	0	2	0	1524	0	0	0	0	118	0	46	0	0	0	0	0	23	2	0	0	55	0	3	0	703	13	0	0	0	143	0	23	4	0	1	1	6	1	0	0	15	620	603	0	0	0	0	0	0	2	4	0	0	637	2326	0	18441	0	0	0	0	0	0	4119	0	10	3	296	0	0	277	1779	0	0	5	4	38	1	3	616	0	330	0	1	3612	2693	0	59	86	0	0	0	0	10	0	0	0	0	0	0	1	0	1	1	0	703	0	427	711	0	0	0	31	4	0	0	52	0	0	0	0	222	0	0	1	0	1	0	1	0	0	2514	0	0	0	0	2	0	0	0	104	9750	0	3565	4	0	106	0	0	0	2657	0	14	0	17	0	0	0	0	0	0	0	0	0	0	0	0	0	4	0	0	0	0	0	0	0	4	4	16	0	0	0	15	0	0	104	1646	322	0	0	0	0	5	0	22	96	0	0	0	0	0	0	0	0	11	0	0	0	0	4	2614	1049	8	86	14	0	0	18031	0	1485	0	0	47	872	0	7	42	1	0	5226	3876	79	0	0	0	656	0	0	1	0	2	1392	0	0	9884	6	0	0	0	0	0	222	0	0	524	0	5	11	33	0	5	0	0	5	4	0	1	0	26	0	3964	1236	0	12	3	0	3718	0	0	57	0	2	0	0	0	0	22	7	357	507	0	104	0	0	0	11	0	3	0	24	0	12346	0	0	42	532	5	0	0	128	3578	3	0	0	11	27	9	0	3286	0	1	0	0	0	0	45203	0	0	0	1457	0	4	0	269	1	31	23	59	9	16	0	59	0	0	0	0	1077	9	0	0	3	120	0	39	0	0	17	0	0	0	674	0	2433	0	0	15	1	0	490	33	0	3	0	0	2	0	0	1	54	0	0	0	0	0	0	0	10	1	377	34	0	0	1	1	9	21	0	2735	0	0	0	1439	32	0	10	0	4	0	24	1	355	0	5	49	0	9	2517	2	0	0	0	74	0	367	464	0	0	0	16	0	42	1100	2	0	0	455	0	0	137	242	7	0	0	0	0	0	6	165	0	22	0	7	56	104	10900	4	0	11	2258	0	1	135	9	0	25	0	6	0	0	0	0	0	1	5505	0	0	0	4	0	5	3	0	31	1	7	0	208	0	0	204	0	3	0	117	0	6146	0	3	0	18	70	262	0	0	0	0	0
Barcode009	0	0	0	75	0	0	0	0	49	0	0	0	2	18	0	0	0	0	0	71	37	0	0	5	0	0	0	1	0	211	0	0	0	0	0	0	9000	0	0	920	1	2	0	0	0	0	22	65	56	25	0	0	43	0	0	0	0	0	1458	0	0	0	0	0	35	0	0	525	0	46	4748	0	0	0	0	52	0	0	231	0	903	414	10	0	0	19	0	0	0	0	0	1	10710	0	1775	1	0	3	0	0	23	0	0	0	563	91	0	0	0	72	0	0	0	0	1238	246	0	2061	0	607	248	0	2	6	0	0	0	0	4	0	0	0	0	0	0	0	0	1	0	0	0	0	0	0	0	0	0	0	0	5	0	5	0	14	55	0	0	0	0	48	0	25	0	0	0	16	1	0	0	3669	0	0	1	0	0	0	1	0	573	433	0	4	7	0	9	0	0	0	26	0	0	78	0	0	0	0	0	0	0	50	0	0	7	2	0	0	0	0	0	0	0	0	0	0	13	25	930	33	0	368	8573	0	0	7	57	3	16	0	174	0	0	0	3	109	7377	0	0	0	0	1	0	47	13	0	0	0	0	0	1733	41	0	0	0	82	0	2363	0	105	0	0	16	1408	0	2	524	25	15	6772	22	11	0	0	0	0	418	243	78	0	1	28	0	24	20895	1042	0	0	0	0	18	31	0	0	14674	0	103	38	7	0	0	15	0	53	0	17	0	286	0	0	609	299	0	0	19	0	4583	62	0	0	0	3	0	0	66	0	1	0	13	0	0	0	23	0	247	450	0	2324	0	0	0	259	9	16	364	0	0	29	0	408	14455	316	1	0	11	349	0	0	283	0	0	0	0	0	0	32960	0	0	679	7073	0	29	0	0	0	14	0	19	0	0	0	114	510	641	0	0	292	28	0	129	39	5112	93	33	0	0	6	192	0	0	1	0	204	0	0	93	7	0	498	4	0	21	0	0	0	47	0	0	0	0	42	716	0	4	104	0	0	0	0	25	0	0	0	0	8	57	19	249	0	0	0	2900	53651	0	3946	11	1636	108	18	0	322	634	0	71	14	0	103	0	0	0	1	13	0	70	95	2	0	0	2	0	339	16	0	0	262	36	0	0	0	2313	0	9	1	860	0	5	1811	1585	0	391	0	37	8	0	1786	0	0	0	1503	0	0	0	3248	16	6310	0	1	0	29	670	272	0	0	5561	0	6	0	90	0	111	55	0	6	10	902	0	3863	0	0	129	0	0	0	0	0	324	0	7	0	0	1	9	0	72	59	0	75
Barcode010	0	166	15	0	10	0	0	0	0	0	2	0	3	0	0	0	0	0	0	768	0	0	0	15159	0	4	1	0	0	0	0	18	0	0	9	0	6102	0	3	772	1	0	0	91	27	0	8	4	0	934	0	23	0	3	0	0	0	0	30	0	0	0	22	0	3	0	0	1	7	36	16992	0	0	1006	0	376	0	2	0	1	50	0	0	271	5	163	0	0	0	0	0	264	1530	8	3	0	5	175	1776	0	125	0	84	11	0	0	0	0	0	479	5	0	0	0	16991	0	6	162	78	10	0	491	0	0	2	2	104	2	10	0	2	0	4	0	0	23	0	0	0	3	0	0	5	0	0	4	0	0	263	2	0	0	0	4	3	0	0	0	0	0	0	11	221	0	0	46	0	120	1	107	0	2	4	0	0	27	1	0	158	1	0	0	53	2	424	17	0	0	1	64	0	1770	1	1	71	0	0	0	70	0	0	0	1	3	7	4	16	12	2	0	0	0	4	2	11	0	1	0	0	21	35	0	19	1733	0	0	2	0	14	14	2	300	2	16	8625	181	0	611	0	95	0	0	6	0	0	0	6	0	41	7	1	0	0	0	0	1	92	6	0	2	0	0	0	3	1817	112	0	783	0	2	29	4	62	0	4	0	0	6	5	2543	11	0	3755	0	0	1	11	0	5	266	0	0	484	0	0	2	8	8	6	0	0	0	1	0	2999	198	0	0	883	0	6	11	12	0	18214	0	9	0	16	1	0	0	56	0	0	0	0	99	0	0	0	0	0	287	0	102	1	0	13	0	0	0	0	0	1	0	735	1	25233	0	0	30	0	151	0	0	0	738	0	3	0	2	0	7969	400	40	21	3	1	13945	0	0	1	0	0	37	1	0	0	21	3549	6	4	0	0	4704	0	0	12	0	0	0	3	10	4069	0	0	0	0	0	0	0	0	80	0	0	0	0	1	8	2	8	13	0	0	0	0	0	5	1	8	0	2	0	0	6691	0	0	2	0	0	655	0	0	14	283	5	4	1	8333	33	0	2033	168	828	0	0	47	63	0	2	0	5341	0	0	0	0	1	14	0	0	0	2161	4996	0	0	72	4	307	22	19	0	0	0	0	0	0	26	0	0	0	505	0	936	578	0	1	1290	1	1258	0	0	77	0	2	0	0	0	45	0	2	287	340	45	139	6	73	365	0	3	0	569	521	0	0	0	0	0	0	0	6	4	1281	0	2993	0	0	159	0	0	5	0	0	5	0	55	3	10	0	4	0	0	0	0	0
Barcode011	0	8	101	0	0	0	0	0	0	1	1	0	0	0	57	0	0	1	0	180	0	0	0	23938	0	0	831	0	0	0	0	2	0	0	0	3	6196	0	9	516	2	0	0	529	61	73	23	0	0	17	2	67	0	3	8	0	0	0	43	0	0	0	2	0	38	0	0	10	0	35	3529	2	0	880	0	370	0	0	0	2	118	0	0	1280	0	15	152	90	1	0	0	495	1076	5	8	0	0	4051	12302	0	22	2	128	4	0	0	0	32	0	33	5	0	0	0	3111	0	152	247	0	46	0	289	0	0	2	5	9	1	0	0	11	0	1	0	0	3	0	55	0	0	0	0	1	0	0	3	0	0	27	11	0	0	1	12	1	1	0	1	0	0	0	27	184	0	0	20	0	552	1	48	0	0	46	0	0	276	1	0	184	0	0	0	63	14	2148	77	49	0	23	12	0	75	0	32	816	0	0	0	14	0	0	0	0	1	0	8	8	32	52	0	0	0	0	9	4	0	0	0	1	32	884	0	0	376	0	0	1	0	0	35	2	399	4	40	2301	33	575	2	0	191	0	0	21	0	3	27	0	0	6	213	1	0	0	0	0	5	12	0	0	4	11	170	1	1	1628	47	0	278	1	0	70	0	15	0	0	0	0	19	2	920	140	0	3845	0	0	4	0	0	11	293	0	0	2861	0	0	2	0	193	16	0	0	2	0	10	1454	101	0	0	929	0	0	11	40	0	17635	0	3	1	10	4	3	1	1980	0	0	0	0	2193	0	0	0	0	0	246	0	1099	0	0	12	0	0	0	0	0	0	0	186	2	9251	0	0	18	17	0	0	0	0	60	0	2	0	6	0	6401	4	31	16	0	11	17056	0	29	9	0	0	15	0	4	0	25	1946	0	0	6	0	6128	0	15	5	0	0	0	0	0	4223	0	0	0	0	1	3	12	0	163	0	0	0	0	0	7	0	26	13	0	0	0	0	0	0	0	1	0	6	0	0	5786	0	0	0	0	0	286	0	6	0	2537	1	7	62	1009	7577	0	3114	6	557	0	0	37	61	0	2	1	19590	2	0	0	0	0	1	0	0	0	6868	278	0	0	91	2	1274	31	1	0	0	15	0	0	0	0	0	0	0	1525	0	91	1815	0	17	329	0	948	0	0	49	1	0	11	0	6	36	0	1	1	16	0	133	0	112	149	0	3	0	442	456	0	1	0	0	0	0	0	33	46	122	0	2347	0	0	546	0	1	3	0	0	9	0	4	2	28	0	51	0	0	0	2	0
Barcode012	7	9	0	11	0	0	0	1	0	0	0	5	0	0	1	0	0	0	0	37	0	0	0	1	0	10	0	0	5	0	0	272	0	2	0	0	1850	0	0	657	0	0	0	0	0	0	14	3	15	0	0	1	2	0	0	0	0	0	1169	0	0	0	107	0	0	0	0	0	0	2	5058	0	0	153	0	0	0	0	11	0	529	29	1	5	2	0	17	0	1	0	0	0	13445	0	415	1	3	3	0	0	0	0	0	1	0	3	11	0	0	5	0	0	0	6	3036	3	0	30839	0	120	1000	0	0	267	0	6	1	1	0	0	0	23	0	0	0	0	0	0	0	1	0	0	0	53	192	8	0	0	0	16	0	11	0	5	35	0	0	0	0	75	0	8	0	0	0	0	0	0	0	3131	2	0	3	0	0	0	0	0	364	366	0	28	4	0	1336	1	0	0	3	3	3	69	2	8	1	0	9	0	0	0	0	0	307	3	5	0	0	0	0	0	0	8	0	0	12	4	114	0	0	97	5693	0	0	98	4	67	7	0	0	0	0	7	0	48	11029	0	0	0	0	1	0	0	0	0	0	8	0	3	1099	2789	4	0	1	96	0	6170	0	2571	0	1	59	175	0	8	42	0	6	143	36	0	0	0	0	3	758	27	42	0	0	13	0	0	11178	1327	0	0	0	0	3	5	0	0	3489	0	16	3	10	0	129	21	0	5	119	0	5	1426	0	0	902	3	0	0	31	0	3649	23	0	0	0	0	3	0	76	0	0	0	10	4	0	0	0	0	0	470	0	8	1	0	0	164	1	0	389	9	0	4	0	37	2729	285	43	1	43	3	2	0	182	258	0	0	0	0	0	17602	0	0	3	2791	0	39	0	3	0	0	0	10	0	0	0	19	7	0	0	0	166	39	0	0	89	546	20	288	0	0	7	0	0	1	1	0	194	2	0	841	0	0	3	0	1	0	1	0	0	0	0	3	4	0	465	17	0	0	1	0	0	1	0	2	0	0	0	6	6	44	0	5999	0	0	2	3440	3108	0	2905	174	1521	47	0	0	327	126	0	63	0	0	545	35	0	3	1234	0	0	10	1411	17	0	0	2	0	1225	45	18	0	52	18	6	0	0	17	0	0	0	1215	0	0	16	7	0	12	0	147	1	0	2338	0	0	0	228	0	0	7	2334	5	4599	0	6	0	0	844	88	0	14	449	4	0	0	3	0	48	69	0	18	3	0	0	739	0	3	47	116	0	3	4	0	73	0	3376	0	14	0	476	1	21	0	795	0
Barcode013	0	20	30	0	0	9	0	0	0	0	0	0	10	0	0	17	0	3	0	1441	0	13	0	9416	89	0	0	0	0	0	11	14	0	0	17	0	0	0	0	850	97	0	15	0	22	1	12	2	0	189	0	70	14	797	1	0	2	12	14	2	0	15	0	0	0	6	14	0	0	3	10445	71	0	194	0	1703	0	330	0	0	4	0	868	1820	5	14	53	136	11	0	0	0	213	5	40	0	3	2931	0	0	16	0	0	1	0	0	0	2	0	9	0	0	3	0	22757	0	6	6	0	334	0	19	0	0	0	4	11	1	2	38	0	0	0	1	2	20	5	0	0	295	0	0	0	0	0	2	0	0	1	1	0	0	3	5	0	0	2	28	50	1	0	99	262	64	0	62	0	0	8	28	0	6	30	1	0	0	15	0	107	0	0	0	10	0	13	31	7	4	3	49	171	0	3	9	2	5	0	0	56	0	4	30	0	1678	0	95	0	215	48	0	0	0	11	0	0	0	0	0	14	7	442	0	0	5767	0	0	8170	0	0	8	1	273	0	18	2339	140	674	584	2	504	0	0	20	1	15	1	10	2	7	6	18	0	1	0	1	2	0	0	18	5	1	0	0	6	93	13	0	846	0	0	82	0	4	0	0	0	0	0	2	4178	23	0	15220	0	0	0	0	2	73	496	0	0	1501	2	0	4	14	18	5	0	0	1	2	44	4911	53	0	12	1594	0	1	1	9	3	48099	0	0	3	0	220	8	0	34	0	0	0	0	63	4	0	0	1	0	94	14	2567	114	0	0	0	2	0	2	0	2	0	1285	2	11064	0	0	19	0	6	0	0	0	0	3	0	0	0	0	21287	31	0	9	0	0	4368	2	36	1	0	0	1	1	5	0	15	348	0	0	0	0	8172	5	160	34	0	0	0	1	4	2410	7	0	0	0	0	4	0	92	3	0	0	0	0	5	10	0	5	212	0	2	0	0	0	0	0	1	0	618	0	0	3	0	28	0	0	0	1111	0	137	0	60	3	0	8	4266	314	6	2783	0	345	0	2	0	5	0	4	0	7966	2	0	0	0	9	0	0	0	0	6	722	0	8	10139	0	952	8	3	27	0	22	18	6	0	7	91	0	0	1041	0	501	21	0	4	442	17	574	0	0	0	0	0	8	1	0	67	1	9	1740	13	0	52	0	59	242	0	0	0	2143	0	0	1	0	0	0	0	7	3043	703	206	609	6485	2	0	151	4	0	0	0	10	3	1660	2	8	0	0	0	5	0	8	19	0
Barcode014	0	2	19	0	0	0	0	0	0	0	0	0	5	0	0	252	0	2	0	3377	0	0	0	6898	0	2	0	0	0	0	0	20	5	0	4	20	38	0	0	1196	65	0	43	0	0	3	0	0	0	319	0	47	3	211	2	0	50	5	933	0	0	13	0	0	3	10	3	1	0	24	10252	43	0	764	0	1059	1	1163	0	3	5	0	83	788	2	45	0	176	60	0	4	115	644	7	56	0	116	545	1	0	9	1	0	4	2	0	0	0	0	0	0	24	6	0	30133	0	3	30	0	596	0	17	0	0	0	0	4	3	0	0	0	0	0	2	20	138	55	0	1	1007	0	0	5	0	0	0	0	0	0	2	0	0	27	36	0	0	0	11	180	0	3	96	609	0	0	95	0	0	11	54	0	102	1604	0	0	1	2	0	138	0	15	0	68	5	8	171	7	3	1	59	231	49	9	8	19	0	3	0	13	0	13	15	73	234	8	16	1	297	24	4	0	0	35	0	0	0	0	0	69	27	152	22	0	2006	0	1	1450	6	0	1	0	53	0	13	1892	149	0	69	0	109	0	0	38	0	24	9	189	0	10	13	21	0	0	0	1	5	0	1	13	2	11	0	0	3	473	2	0	12587	5	0	152	2	43	0	0	0	66	0	4	1111	58	0	8103	0	0	0	0	0	50	1424	0	2	45	6	0	4	4	408	5	0	1	0	1	0	3005	64	0	39	1326	0	43	0	36	8	40472	0	0	0	0	10	0	0	304	36	7	0	0	673	0	0	0	50	1	2456	24	1853	124	0	0	0	3	0	0	0	17	0	750	0	8500	0	0	50	0	91	0	0	0	0	19	0	2	0	0	15592	25	0	29	0	0	1786	0	20	4	0	0	33	0	4	6	214	850	0	0	0	0	25476	0	74	24	0	0	0	3	7	15746	2	0	0	0	22	10	52	27	31	0	0	0	0	13	17	0	2	741	0	5	3	0	0	0	0	7	0	867	0	0	0	0	43	5	0	0	2105	0	1	2	15	0	0	28	2847	1777	3	1624	0	311	5	0	2	27	0	0	0	3171	20	0	0	10	5	1	0	0	0	17	781	0	49	125	0	2708	41	79	2	0	40	0	19	0	66	42	0	0	946	0	361	624	3	31	457	50	225	0	0	2	2	0	13	0	0	2740	0	73	773	21	0	441	0	20	307	0	11	0	672	3	0	0	0	0	0	0	16	28	241	448	1	4535	0	0	760	27	0	3	0	9	0	202	9	0	49	0	0	3	0	1	6	0
Barcode015	0	827	43	0	0	7	1	0	0	0	930	0	7	0	1	1	0	4	0	4009	0	0	0	14535	139	0	0	0	0	0	0	0	0	0	136	0	4	0	0	1559	5	0	66	0	0	0	122	0	1	36	0	137	0	336	0	0	3	1	21	0	0	11	12	0	0	0	0	438	1	6	11330	135	0	890	0	451	0	64	0	0	5	0	72	1614	20	191	45	120	38	0	0	3	322	18	8	0	69	8665	2	0	18	0	0	2	18	0	0	0	0	0	0	0	3	0	9912	1	42	15	0	1028	0	30	0	0	1	0	0	114	0	0	0	0	0	4	5	80	7	0	0	414	0	0	18	0	0	0	0	0	0	1	0	0	1	14	0	0	0	69	42	0	0	88	562	18	0	49	0	0	1	7	0	42	107	6	0	116	30	0	137	1	28	0	188	0	12	34	1	9	1	13	157	374	37	0	0	0	0	1	79	0	10	0	0	964	1	79	20	236	57	0	2	0	8	0	6	0	0	0	0	6	76	0	0	2285	0	0	9558	0	10	0	0	229	0	34	734	847	0	454	0	82	0	0	23	4	271	0	46	0	5	2	0	0	0	0	0	0	0	0	2	5	0	0	0	7	319	82	0	88	0	0	19	0	37	0	0	0	0	0	20	7949	55	0	20798	0	0	0	0	240	295	750	0	0	3911	3	0	0	0	78	25	0	0	0	0	0	843	69	0	63	918	0	3	10	2	9	36856	0	1	0	0	6	1	0	169	3	0	0	0	380	3	0	0	0	0	1	0	4879	138	0	0	0	0	0	5	0	6	0	229	1	4547	0	0	0	0	14	0	0	0	0	0	0	3	0	0	8848	16	0	31	2	0	11729	0	27	29	0	0	2	0	9	5	17	277	0	0	3	0	10728	45	18	23	0	0	0	8	18	5508	0	2139	0	0	0	132	0	0	10	0	0	0	0	7	61	0	0	224	6	3	0	0	16	0	0	41	0	333	1	0	0	0	0	5	0	0	1663	0	159	1	17	30	0	1	2732	50	4	1767	0	1429	7	7	0	50	1	0	0	1068	54	3	0	0	7	0	9	0	7	81	442	0	43	11	1	1308	4	4	0	0	9	0	1	0	9	19	0	0	637	0	28	44	4	17	308	105	754	0	0	7	0	2	2	0	0	1818	0	108	259	311	0	21	21	60	142	1	11	0	2730	8	0	0	0	9	0	0	9	6321	46	67	108	3334	0	0	489	0	0	0	0	5	8	154	3	0	6	0	0	2	0	11	15	1
Barcode016	0	0	0	0	0	0	0	0	97	0	7	0	1196	82	0	0	0	0	0	1632	72	0	5	510	0	47	0	0	0	0	2	0	0	0	0	23	0	0	0	520	0	0	0	0	0	0	28	0	0	113	110	59	60	1	0	0	0	0	231	0	0	0	4	0	2	0	0	28	0	46	556	0	0	3110	0	8943	0	0	11	36	85	2	2	28	344	3736	2	8	41	1	1	0	4514	0	479	0	8	87	0	0	159	16	0	6	220	0	3	0	1	0	83	0	231	0	17952	25	342	25	0	387	105	37	19	0	2	1	30	5	0	9	0	0	0	0	4	0	0	2	77	0	0	0	8	0	0	1654	4	0	0	35	0	0	2	80	3	0	0	0	0	361	0	232	983	0	0	19	0	3	10	13	30	14	0	0	0	22	10	2	710	71	0	0	26	0	2	0	0	90	0	134	4	971	0	179	166	0	98	345	0	14	23	0	12042	0	20	128	0	46	0	30	0	0	0	0	1	13	0	0	0	19	89	0	0	449	41	82	0	0	0	0	0	66	88	231	1124	14	0	0	6	8	0	14	19	0	2	3	42	23	925	11766	11	0	0	0	0	33	0	64	35	4	2	0	0	2	6624	15	1	6127	0	0	120	1	145	0	12	3	323	0	286	0	41	9	6853	219	0	0	0	6	11	50	0	0	1106	0	15	1	1706	0	124	0	0	5	3	0	1438	228	0	0	250	4	3	0	0	0	10016	0	53	16	0	5	1	0	1201	0	123	0	2	0	0	0	0	0	142	0	0	10756	1	0	341	0	0	159	201	0	9	7	1464	20	1624	2	0	0	210	105	0	0	0	0	0	0	2	0	0	3886	11	21	36	204	0	118	0	2	1396	0	88	7	1	11	0	194	695	0	0	10	0	6362	0	4	68	0	0	116	141	6	19352	7	0	0	0	0	228	3	0	94	25	2	0	0	0	142	0	6	0	430	5	0	0	0	0	43	23	102	0	3	0	0	0	9	0	0	0	1730	0	32	37	49	62	0	0	2226	14884	34	878	0	2660	10	41	0	54	1	4	2	0	0	0	3	0	4	0	0	0	0	1680	66	1	288	1	0	5880	1352	71	0	6	133	13	7	0	246	28	14	0	689	2	223	54	25	54	264	0	580	0	0	18	10	0	0	153	0	33	18	33	8	1742	0	811	0	2	139	23	0	0	1398	4	11	1425	0	0	1	8	0	25106	21	395	0	2761	7	409	39	0	0	9	0	4	81	27	10770	0	45	0	264	23	9	20	0	3
Barcode017	0	0	0	85	31	0	0	0	10	0	1	10	836	0	0	0	0	0	0	3	0	0	2	2	0	0	1	30	3	2	0	0	0	0	0	0	7	0	0	67	0	3	0	0	0	0	8	2	290	2	2	0	0	0	0	7	0	0	710	0	9	0	74	6	0	0	0	0	0	0	28526	0	0	0	0	1	95	0	23	370	50	72	0	0	3	0	19	4	7	0	0	14	3355	0	214	0	2	0	0	0	0	2	0	7	97	9	0	0	0	407	0	3	66	0	122	163	0	4723	2	130	12	0	0	16	0	5	1	0	0	0	11	0	0	0	0	0	0	2	0	0	0	2	0	35	119	25	0	11	0	1	0	0	0	3	1	0	0	0	0	123	0	1	0	0	0	0	0	0	0	7445	14	0	0	0	0	0	11	0	1187	251	0	0	0	29	123	2	0	0	747	0	21	1	2	0	0	0	0	0	0	7	0	0	0	0	0	0	0	0	0	0	0	0	0	3	3	0	117	7	0	17	78	0	0	5520	1040	9	2	0	118	0	0	0	112	6	4678	0	1	0	0	0	0	0	33	0	0	0	5	0	140	189	0	0	1	0	0	6527	0	11366	0	1	32	8	0	2	586	0	0	343	42	0	0	0	0	172	592	33	37	0	8	0	8	1	10786	788	0	0	0	0	0	10	6	0	2170	0	52	0	0	0	23	5	0	0	0	2	0	130	0	0	236	69	0	0	3	0	2518	33	0	4	0	0	2	0	0	0	3	0	14	2	0	0	8	0	11	36	0	12773	1	0	0	129	0	18	583	1	0	18	48	76	474	21	70	0	43	3	0	0	41	0	0	0	0	0	0	13893	0	0	0	1344	0	2	2	0	0	0	0	0	0	0	0	7	0	0	0	0	58	11	0	0	0	198	2	599	0	0	38	6	0	6	11	0	156	0	0	5583	23	5	605	27	98	13	0	0	0	0	6	0	193	0	12	0	5	0	0	0	0	0	0	0	0	0	1	0	1	71	0	3619	0	0	0	3600	25147	2	979	0	4215	115	0	4	94	16	0	1	0	0	106	0	0	33	2	4	0	20	62	1	6	0	0	2	2493	241	0	0	0	50	6	0	18	1337	0	349	0	7	0	39	1	8	0	1	0	0	0	0	1699	0	4	0	156	4	0	30	7	1	7831	3	17	3	163	0	0	0	0	871	15	0	0	0	0	15	173	0	8	0	348	0	740	0	0	19	0	0	19	10	0	138	0	60	0	7	0	0	0	0	0	0	2
Barcode018	0	8	51	0	0	45	0	0	0	0	0	0	3	0	2	0	0	24	0	3	0	2	0	1723	0	0	0	0	0	0	2	0	45	0	1	0	1	0	0	169	71	0	0	0	0	0	0	4	2	582	9	94	0	1591	1	0	0	0	23	0	0	0	5	0	0	6	0	0	3	38	7397	79	0	105	0	1688	0	20	0	0	0	0	23	4867	3	0	0	0	0	0	0	92	771	17	7	0	11	0	0	0	89	0	12	5	0	0	0	43	0	1	0	0	0	0	5598	0	105	29	0	149	0	398	0	0	8	1	4	50	0	0	0	0	26	0	0	15	34	0	1	1380	0	0	12	0	0	6	0	0	53	149	0	0	1	0	0	0	0	0	12	0	0	22	210	0	0	72	0	71	0	52	0	3	0	0	0	52	15	0	339	0	0	0	44	0	69	245	0	0	10	29	7	802	3	9	0	0	0	0	0	0	18	0	13	0	1	106	0	408	0	0	6	0	0	3771	6	0	0	0	0	23	247	0	13	4936	0	0	333	7	0	32	0	283	0	29	1138	352	0	129	0	567	0	0	2	0	0	0	5	0	88	14	0	0	0	0	0	0	64	2	1	0	0	0	0	4	222	17	0	87	4	2	143	0	0	0	5	0	0	0	2	1362	174	0	3582	0	0	0	0	0	0	747	0	0	67	0	0	0	7	45	21	0	0	0	11	0	8736	215	0	46	788	0	0	44	134	0	26170	0	15	0	0	6	0	0	220	0	0	0	0	1763	0	0	0	0	0	966	0	2196	0	0	54	0	2	0	0	0	17	0	317	0	8572	0	0	11	15	90	0	4	0	0	0	7	0	0	0	5523	0	12	28	6	12	7767	0	128	2	0	0	90	0	0	0	42	1099	0	623	0	0	14348	0	0	70	0	0	1	0	12	4553	0	0	0	0	0	3	0	0	2	0	0	0	0	0	17	0	10	4620	0	7	2	0	0	0	0	2	3	2	0	0	12	3	4	5	0	0	1536	0	0	1	134	5	0	0	3285	24	0	1499	0	12	0	0	0	14	0	0	0	18073	12	2	0	0	28	0	2	0	0	455	2924	0	31	2	0	18	35	15	3	0	21	4	0	0	5	0	0	0	2204	0	72	227	0	0	158	35	1375	0	0	29	0	0	0	0	0	4	9	16	47	8	0	574	197	68	53	0	64	0	1018	0	0	0	0	0	0	0	0	5	9	1025	10	3489	0	0	419	0	0	36	0	0	3	0	0	184	17	6	0	0	0	0	18	0
Barcode019	0	7	73	0	0	34	8	0	0	0	0	0	1	0	0	0	0	0	0	967	0	125	0	12568	0	0	2	0	3	1	0	0	0	0	0	6	1708	1	15	632	88	0	0	0	26	0	1	4	0	187	0	43	0	0	0	0	0	0	133	0	0	0	8	0	0	0	0	0	0	16	7598	23	0	745	0	5059	9	0	0	0	53	0	0	765	18	182	11	53	1	0	1	445	1851	42	29	0	0	43	5076	60	158	0	10	9	0	0	0	11	0	458	0	0	0	2	20616	0	24	21	0	76	0	27	0	0	0	0	54	0	0	0	0	0	0	0	0	14	12	0	3	0	0	0	0	0	0	81	0	0	50	2	0	0	0	2	0	0	0	0	0	0	0	5	533	0	0	69	0	89	0	29	0	0	16	0	0	0	4	0	275	0	0	0	4	3	104	0	0	29	29	67	0	562	0	79	146	0	0	0	65	48	0	0	0	0	2	29	148	144	30	0	0	0	6	0	21	2	0	0	1	26	9	4	0	3437	0	0	110	0	0	0	1	746	6	34	3911	43	0	2	0	125	0	0	10	0	0	0	0	0	401	18	0	0	0	0	0	1	69	3	1	0	0	0	0	9	1198	17	0	971	0	0	439	1	11	0	8	0	0	14	0	3239	26	0	7281	0	1	0	0	0	45	743	0	0	1817	0	0	5	3	40	3	0	0	2	0	11	4123	121	0	0	699	24	0	18	101	0	16911	0	61	0	0	2	1	0	1223	0	0	0	0	714	3	0	0	0	9	681	0	7404	0	1	0	0	1	0	0	0	0	0	264	0	13119	37	0	35	2	12	0	0	0	0	0	10	0	0	0	11999	0	6	1	2	17	12098	0	29	0	0	0	26	0	0	0	40	4419	2	0	0	0	47404	0	34	8	0	0	0	1	0	6566	0	0	0	0	0	0	0	0	38	0	0	0	0	0	10	31	1	32	4	0	0	0	0	0	0	14	0	10	0	0	195	0	0	22	1	0	155	0	0	28	175	2	14	0	2769	2190	0	1617	0	192	0	0	11	49	0	0	0	21891	23	6	0	0	10	0	0	0	0	3203	377	3	113	0	446	215	9	31	0	0	4	0	0	0	7	0	0	1	2	0	636	1120	0	2	620	41	586	0	0	72	0	0	11	1	0	4	0	4	2666	0	3	13	12	45	58	0	4	0	470	0	0	0	0	0	0	0	0	1852	20	958	0	4053	0	0	423	0	0	6	0	0	7	0	0	0	2	0	0	0	0	0	0	0
Barcode020	0	6362	36	0	0	0	2	0	0	0	3	1	6	0	1	158	0	0	0	9	0	0	0	1137	0	0	0	0	0	0	0	11	18	0	23	0	1	0	0	2038	0	0	63	0	0	0	56	5	0	14	0	68	0	97	0	0	0	5	25	1	0	0	10	0	0	0	0	0	0	70	4256	246	0	2	0	76	0	13	0	0	0	0	129	1277	5	44	6	197	103	1	0	0	859	1	20	0	520	5	0	0	0	0	0	2	5	0	0	14	0	8	0	0	123	0	4585	0	2	35	0	723	0	18	0	0	5	0	0	21	0	0	0	0	0	0	0	21	7	0	3	633	0	0	2	0	0	0	0	0	0	6	0	1	2	2	0	0	0	14	16	0	4	126	619	0	0	5	0	0	2	35	0	22	26	5	0	1	31	0	446	0	8	0	72	0	1	93	0	0	0	14	439	23	3	0	12	6	0	61	45	0	2	45	0	506	0	336	0	88	131	5	0	0	4	0	0	0	0	0	13	38	144	0	29	1249	0	0	2876	0	0	1	0	865	0	7	1306	279	0	18	5	66	0	0	31	5	20	5	15	0	1	2	6	0	0	0	0	0	0	1	12	0	4	0	0	4083	2780	0	0	10282	6	0	48	0	12	0	0	0	0	0	21	5392	54	0	15861	0	0	0	0	1	151	2330	7	0	18378	8	0	0	1	0	9	0	103	14	2	0	4487	68	21	7	1074	0	0	9	192	4	31691	0	1	0	0	6	1	0	288	0	0	0	0	913	0	0	0	2	0	410	0	7192	394	0	0	0	0	0	1	0	3	0	177	2	4839	0	0	0	0	0	0	0	0	0	0	0	6	3	0	7800	0	0	13	0	0	1151	47	95	0	0	0	46	0	8	4	35	468	0	0	0	0	3675	13	7	23	1	0	0	1	5	956	4	0	0	0	0	1	0	0	142	0	0	0	0	3	27	563	8	169	0	10	0	0	10	1	0	0	0	854	0	0	384	0	10	0	0	0	7410	0	0	0	33	2	0	78	5212	298	0	2060	0	3238	0	0	0	44	0	7	0	175	50	0	0	0	6	0	4	0	0	1919	822	0	2	89	0	5006	0	22	0	0	15	32	0	0	3	4	0	0	127	2	852	128	0	3	181	16	45	0	0	0	0	0	30	0	0	15	0	2	34	1	77	51	0	43	135	0	114	0	671	2	0	0	0	3	0	0	0	14349	1836	58	163	2414	0	0	213	0	0	0	0	7	0	49	0	0	79	0	0	2	0	5	75	0
Barcode021	0	268	92	0	0	1	0	0	0	0	9	0	134	0	36	34	0	1	0	479	0	2	0	22402	70	0	0	0	0	0	0	0	66	0	70	0	7	2	13	463	47	0	1	0	0	182	0	5	0	198	0	35	0	2699	0	0	4	14	9	95	0	5	2	0	0	0	36	411	0	0	13598	147	0	130	0	3578	0	285	0	0	0	0	256	779	35	27	0	37	135	0	0	2	403	6	31	0	0	13	0	18	18	0	1	0	2	0	0	0	0	19	0	0	0	0	14020	0	0	3	0	122	0	56	0	0	7	0	3	5	0	0	0	0	0	0	0	52	1	1	0	263	0	0	0	0	0	21	0	0	0	3	0	0	3	1	0	0	0	21	19	0	0	103	99	1479	0	81	0	4	46	10	0	17	435	0	0	26	23	0	135	0	77	0	70	2	5	5	0	0	16	43	242	40	0	0	0	1	0	1	66	0	4	1	4	1910	1	202	0	340	96	0	28	0	2	0	0	2	0	0	4	36	71	0	0	8421	0	0	4967	0	58	0	1	1783	0	1	1171	940	820	754	19	506	2	0	3	0	25	0	7	0	6	2	9	0	0	0	624	0	0	0	11	0	1	0	0	39	814	0	0	2	0	0	148	0	12	0	4	0	0	0	9	3761	113	0	10623	0	0	0	0	0	20	572	1	3	4662	0	0	0	23	28	10	4	0	95	2	5	4820	95	0	2	1242	0	8	0	38	15	57444	0	0	0	0	65	2	0	251	0	0	0	0	574	7	0	0	2	0	8	120	3005	57	0	0	0	0	0	0	0	0	0	3711	1	6186	0	0	0	0	1	0	0	0	0	0	0	4	0	0	9787	25	0	13	1	0	1822	0	43	2	0	0	14	0	47	0	6	204	0	648	0	0	5293	7	26	33	0	0	0	0	31	1377	0	11	0	0	0	33	2	5	7	0	0	0	0	1	82	1	0	117	23	2	0	0	13	0	0	0	0	318	0	0	146	0	4	3	0	0	848	0	2	0	12	13	0	20	5696	1904	0	321	0	1918	3	0	2	21	0	0	0	14034	69	3	0	0	3	0	0	0	0	362	955	0	102	8	2	119	21	1	0	0	103	5	88	1	0	37	0	0	84	0	15	168	0	0	502	64	220	0	0	1	0	2	0	0	0	5	330	7	680	17	4	89	10	26	79	0	0	0	1785	2	0	0	0	2	0	0	0	1279	1541	157	70	2985	0	0	117	0	0	0	0	15	32	749	0	0	0	0	0	3	0	50	91	0
Barcode022	1	564	69	0	0	0	0	0	0	1	0	0	0	0	0	0	6	2	0	712	0	0	0	6116	0	27	0	0	0	0	8	42	1	0	79	0	1883	0	4	1266	34	0	0	2	7	33	0	2	0	135	3	140	0	166	0	0	0	0	14	9	0	0	0	0	0	0	0	0	0	48	5288	17	0	201	3	98	0	2	0	0	5	0	10	1739	0	159	2	366	0	0	0	80	1016	0	3	0	272	28	253	22	0	0	172	3	0	0	0	87	0	218	1	2	0	0	44017	0	10	2	0	673	0	197	0	0	3	0	13	22	0	0	0	0	3	0	0	65	0	0	0	4	0	0	0	0	0	19	0	0	20	1	0	3	4	13	0	0	0	0	0	0	0	34	589	0	0	17	0	46	0	36	0	0	3	0	0	227	1	0	121	0	0	0	23	0	3	180	1	0	2	15	125	3472	0	5	0	0	0	0	141	45	0	0	0	0	0	36	13	81	36	0	1	0	0	0	19	8	0	0	21	26	4	0	0	2876	0	0	1	0	10	4	1	119	182	33	5162	340	0	166	0	1510	0	0	7	0	199	8	51	0	41	0	0	0	1	0	0	3	0	28	0	0	0	0	0	4	2385	0	0	66	11	0	42	3	2	0	0	0	0	0	0	4832	25	0	3967	2	0	0	6	0	12	991	0	0	45	0	0	0	1	5	11	0	0	7	0	0	3011	66	0	0	107	0	2	36	6	0	25308	0	87	1	4	4	0	0	119	0	0	0	0	249	0	0	0	0	0	862	0	4569	0	0	0	0	0	0	0	0	7	0	367	0	6692	0	0	2	7	0	0	0	0	3	0	43	0	0	0	2954	2	3	52	0	0	9044	0	17	8	0	0	33	9	26	0	35	1460	0	0	27	0	39112	0	2	17	0	0	0	1	8	1972	0	0	0	0	1	2	0	0	23	0	0	0	0	0	3	0	5	634	0	0	0	0	0	0	0	5	0	1	0	0	503	0	0	157	0	0	1878	0	0	0	453	2	44	219	5618	15	0	1013	0	28	0	0	43	44	0	0	0	2686	163	0	0	0	0	0	0	0	0	1733	785	0	0	1181	350	1240	31	65	0	0	14	0	0	0	16	0	0	0	624	0	751	293	0	2	233	0	974	0	0	25	0	0	0	0	0	7	8	10	0	3	0	41	2	72	23	0	23	0	465	4	0	0	0	0	0	0	0	3877	0	613	3	1932	0	2	561	0	0	16	0	0	3	0	0	43	129	0	0	3	0	0	14	0
Barcode023	0	0	0	84	0	0	0	0	79	0	0	0	5	0	0	0	0	0	0	31	195	0	6	0	0	0	0	11	4	4	0	0	0	0	0	0	5012	7	0	519	0	15	0	0	0	0	3	5	93	0	5	0	2	0	1	5	0	0	831	0	6	0	266	0	0	0	0	2	5	0	25139	0	2	0	2	48	0	1	14	241	137	177	0	0	5	40	12	29	8	0	0	2	3512	0	263	2	4	1	0	0	37	2	0	7	16	2	3	0	0	0	0	0	51	0	1607	328	0	16096	17	927	226	0	0	16	0	1	0	0	0	0	0	0	0	0	0	0	0	1	0	0	41	0	0	27	110	17	0	1	0	0	0	0	0	0	0	0	0	0	0	199	0	4	2	0	0	5	0	0	1	3231	2	0	0	0	9	0	5	0	1564	1566	0	8	5	4	3349	0	0	0	459	0	0	4	3	12	0	0	41	2621	0	84	0	0	21	7	31	0	0	0	0	0	0	0	0	10	8	0	3	10	0	14	1176	0	0	754	51	58	1	0	34	0	0	1	10	22	9294	0	0	31	0	0	0	0	8	0	0	0	59	0	218	460	0	0	0	47	0	1371	0	1517	0	0	1	41	0	1	335	0	1	389	18	0	0	0	0	0	5231	56	13	0	5	13	0	3	16815	1102	0	0	0	0	5	61	0	0	8165	0	61	14	14	0	10071	57	0	13	92	9	1	39	0	0	1150	12	0	0	74	0	4655	20	0	76	0	3	6	0	12	0	12	0	9	0	0	0	0	0	0	309	0	3061	0	0	0	45	0	0	2399	8	1	24	83	2	1344	43	0	0	87	0	7	46	67	27	0	0	0	0	0	8625	0	0	0	1319	0	693	0	0	6	0	0	0	0	6	0	15	224	0	1	0	48	11	0	3	12	983	4	448	3	0	41	1	0	2	5	0	116	0	0	657	43	1	187	0	2	1	0	0	2	7	0	0	9	0	276	0	0	0	1	70	0	0	0	50	0	0	0	8	35	298	15	5476	0	0	0	3321	45250	0	798	23	1474	67	0	20	422	0	0	7	0	0	86	0	11	3	1021	1	0	2	691	0	10	0	47	0	1583	26441	5	0	1	35	19	0	0	37	0	0	0	619	0	0	55	20	0	43	0	211	0	4	1434	0	0	0	133	0	112	41	61	68	873	7	6	6	0	709	635	0	0	1551	7	3	0	3	0	55	240	0	17	4	422	0	1349	0	0	76	0	0	0	0	0	114	49	28	0	0	0	428	0	2	0	321	14
